{
"baseball": [
{
"active": "false",
"startTime": "2015-05-19T23:05:00",
"homeId": 225,
"homeTeam": "Baltimore",
"homeNickname": "Orioles",
"homeScore": 0,
"awayId": 236,
"awayTeam": "Seattle",
"awayNickname": "Mariners",
"awayScore": 0
},
{
"active": "false",
"startTime": "2015-05-19T23:05:00",
"homeId": 247,
"homeTeam": "Pittsburgh",
"homeNickname": "Pirates",
"homeScore": 0,
"awayId": 233,
"awayTeam": "Minnesota",
"awayNickname": "Twins",
"awayScore": 0
},
{
"active": "false",
"startTime": "2015-05-19T23:05:00",
"homeId": 244,
"homeTeam": "Washington",
"homeNickname": "Nationals",
"homeScore": 0,
"awayId": 234,
"awayTeam": "New York",
"awayNickname": "Yankees",
"awayScore": 0
},
{
"active": "false",
"startTime": "2015-05-19T23:07:00",
"homeId": 238,
"homeTeam": "Toronto",
"homeNickname": "Blue Jays",
"homeScore": 0,
"awayId": 227,
"awayTeam": "Los Angeles",
"awayNickname": "Angels",
"awayScore": 0
},
{
"active": "false",
"startTime": "2015-05-19T23:08:00",
"homeId": 230,
"homeTeam": "Detroit",
"homeNickname": "Tigers",
"homeScore": 0,
"awayId": 232,
"awayTeam": "Milwaukee",
"awayNickname": "Brewers",
"awayScore": 0
},
{
"active": "false",
"startTime": "2015-05-19T23:10:00",
"homeId": 239,
"homeTeam": "Atlanta",
"homeNickname": "Braves",
"homeScore": 0,
"awayId": 254,
"awayTeam": "Tampa Bay",
"awayNickname": "Rays",
"awayScore": 0
},
{
"active": "false",
"startTime": "2015-05-19T23:10:00",
"homeId": 226,
"homeTeam": "Boston",
"homeNickname": "Red Sox",
"homeScore": 0,
"awayId": 237,
"awayTeam": "Texas",
"awayNickname": "Rangers",
"awayScore": 0
},
{
"active": "false",
"startTime": "2015-05-19T23:10:00",
"homeId": 252,
"homeTeam": "Miami",
"homeNickname": "Marlins",
"homeScore": 0,
"awayId": 253,
"awayTeam": "Arizona",
"awayNickname": "Diamondbacks",
"awayScore": 0
},
{
"active": "false",
"startTime": "2015-05-19T23:10:00",
"homeId": 245,
"homeTeam": "New York",
"homeNickname": "Mets",
"homeScore": 0,
"awayId": 248,
"awayTeam": "St. Louis",
"awayNickname": "Cardinals",
"awayScore": 0
},
{
"active": "false",
"startTime": "2015-05-20T00:10:00",
"homeId": 228,
"homeTeam": "Chicago",
"homeNickname": "White Sox",
"homeScore": 0,
"awayId": 229,
"awayTeam": "Cleveland",
"awayNickname": "Indians",
"awayScore": 0
},
{
"active": "false",
"startTime": "2015-05-20T00:10:00",
"homeId": 242,
"homeTeam": "Houston",
"homeNickname": "Astros",
"homeScore": 0,
"awayId": 235,
"awayTeam": "Oakland",
"awayNickname": "Athletics",
"awayScore": 0
},
{
"active": "false",
"startTime": "2015-05-20T00:10:00",
"homeId": 231,
"homeTeam": "Kansas City",
"homeNickname": "Royals",
"homeScore": 0,
"awayId": 241,
"awayTeam": "Cincinnati",
"awayNickname": "Reds",
"awayScore": 0
},
{
"active": "false",
"startTime": "2015-05-20T00:40:00",
"homeId": 251,
"homeTeam": "Colorado",
"homeNickname": "Rockies",
"homeScore": 0,
"awayId": 246,
"awayTeam": "Philadelphia",
"awayNickname": "Phillies",
"awayScore": 0
},
{
"active": "false",
"startTime": "2015-05-20T02:10:00",
"homeId": 249,
"homeTeam": "San Diego",
"homeNickname": "Padres",
"homeScore": 0,
"awayId": 240,
"awayTeam": "Chicago",
"awayNickname": "Cubs",
"awayScore": 0
},
{
"active": "false",
"startTime": "2015-05-20T02:15:00",
"homeId": 250,
"homeTeam": "San Francisco",
"homeNickname": "Giants",
"homeScore": 0,
"awayId": 243,
"awayTeam": "Los Angeles",
"awayNickname": "Dodgers",
"awayScore": 0
}
],
"basketball": [
{
"active": "false",
"startTime": "2015-05-20T01:00:00",
"homeId": 9,
"homeTeam": "Golden State",
"homeNickname": "Warriors",
"awayId": 10,
"awayTeam": "Houston",
"awayNickname": "Rockets"
}
],
"hockey": [
{
"active": "false",
"startTime": "2015-05-20T01:00:00",
"homeId": 4978,
"homeTeam": "Anaheim",
"homeNickname": "Ducks",
"awayId": 4957,
"awayTeam": "Chicago",
"awayNickname": "Blackhawks"
}
]
}