[
	{
		"HomeCity": "",
		"HomeTeam": "",
		"HomeScore": "",
		"HomeLogo": "transparent.png",
		"HomeColors": {
						"DarkColor": "#2F2B2B",
						"LightColor": "#2F2B2B"
					},
		"HomeRank": 27,
		"AwayCity": "",
		"AwayTeam": "",
		"AwayScore": "",
		"AwayLogo": "transparent.png",
		"AwayColors": {
						"DarkColor": "#2F2B2B",
						"LightColor": "#2F2B2B"
					},
		"AwayRank": 28
	},
	{
		"HomeCity": "Johnsons",
		"HomeTeam": "Jackals",
		"HomeScore": "80",
		"HomeLogo": "jack.png",
		"HomeColors": {
						"DarkColor": "#434380",
						"LightColor": "#616198"
					},
		"HomeRank": 1,
		"AwayCity": "Baerwalds",
		"AwayTeam": "Bears",
		"AwayScore": "50",
		"AwayLogo": "bears.png",
		"AwayColors": {
						"DarkColor": "#034d2f",
						"LightColor": "#067c4c"
					},
		"AwayRank": 2
	},
	{
		"HomeCity": "Angers",
		"HomeTeam": "Eagles",
		"HomeScore": "50",
		"HomeLogo": "eagles.png",
		"HomeColors": {
						"DarkColor": "#0096d4",
						"LightColor": "#22beff"
					},
		"HomeRank": 3,
		"AwayCity": "Phillips",
		"AwayTeam": "Phoenix",
		"AwayScore": "50",
		"AwayLogo": "phil.png",
		"AwayColors": {
						"DarkColor": "#000000",
						"LightColor": "#042FA8"
					},
		"AwayRank": 4
	},
	{
		"HomeCity": "Toerings",
		"HomeTeam": "Tigers",
		"HomeScore": "40",
		"HomeLogo": "tigers.png",
		"HomeColors": {
						"DarkColor": "#c26e00",
						"LightColor": "#f7a539"
					},
		"HomeRank": 5,
		"AwayCity": "Friesens",
		"AwayTeam": "Fugitives",
		"AwayScore": "35",
		"AwayLogo": "fug.png",
		"AwayColors": {
						"DarkColor": "#264c2c",
						"LightColor": "#3f7f49"
					},
		"AwayRank": 6
	},
	{
		"HomeCity": "De Souzas",
		"HomeTeam": "Devils",
		"HomeScore": "34",
		"HomeLogo": "devils.png",
		"HomeColors": {
						"DarkColor": "#c42631",
						"LightColor": "#cc5860"
					},
		"HomeRank": 7,
		"AwayCity": "McColgans",
		"AwayTeam": "Marauders",
		"AwayScore": "33",
		"AwayLogo": "mara.png",
		"AwayColors": {
						"DarkColor": "#ee3a43",
						"LightColor": "#ef747a"
					},
		"AwayRank": 8
	},
	{
		"HomeCity": "Poelzers",
		"HomeTeam": "PolarBears",
		"HomeScore": "31",
		"HomeLogo": "pbears.png",
		"HomeColors": {
						"DarkColor": "#ef747a",
						"LightColor": "#3a4163"
					},
		"HomeRank": 9,
		"AwayCity": "Bergs",
		"AwayTeam": "Barracudas",
		"AwayScore": "30",
		"AwayLogo": "cudas.png",
		"AwayColors": {
						"DarkColor": "#1d355b",
						"LightColor": "#2a759d"
					},
		"AwayRank": 10
	},
	{
		"HomeCity": "Granges",
		"HomeTeam": "Gladiators",
		"HomeScore": "30",
		"HomeLogo": "glad.png",
		"HomeColors": {
						"DarkColor": "#d62e26",
						"LightColor": "#f1554e"
					},
		"HomeRank": 11,
		"AwayCity": "Austins",
		"AwayTeam": "Attack",
		"AwayScore": "21",
		"AwayLogo": "attack.png",
		"AwayColors": {
						"DarkColor": "#bea884",
						"LightColor": "#9b6e25"
					},
		"AwayRank": 12
	},
	{
		"HomeCity": "Bergens",
		"HomeTeam": "Bison",
		"HomeScore": "20",
		"HomeLogo": "bison.png",
		"HomeColors": {
							"DarkColor": "#041E42",
							"LightColor": "#033B7F"
					},
		"HomeRank": 13,
		"AwayCity": "Harbours",
		"AwayTeam": "Huskies",
		"AwayScore": "18",
		"AwayLogo": "huskies.png",
		"AwayColors": {
							"DarkColor": "#bd342e",
							"LightColor": "#ca5b56"
					},
		"AwayRank": 14
	},
	{
		"HomeCity": "Huethers",
		"HomeTeam": "Hitmen",
		"HomeScore": "16",
		"HomeLogo": "hitmen.png",
		"HomeColors": {
							"DarkColor": "#2b3a53",
							"LightColor": "#2051a4"
					},
		"HomeRank": 15,
		"AwayCity": "Van De Wals",
		"AwayTeam": "Vipers",
		"AwayScore": "15",
		"AwayLogo": "vipers.png",
		"AwayColors": {
							"DarkColor": "#d91f2a",
							"LightColor": "#fc4e58"
					},
		"AwayRank": 16
	},
	{
		"HomeCity": "Owens",
		"HomeTeam": "Owls",
		"HomeScore": "14",
		"HomeLogo": "owls.png",
		"HomeColors": {
							"DarkColor": "#961a33",
							"LightColor": "#ac3149"
					},
		"HomeRank": 17,
		"AwayCity": "Selfridges",
		"AwayTeam": "Scorpions",
		"AwayScore": "12",
		"AwayLogo": "scorp.png",
		"AwayColors": {
							"DarkColor": "#f9d01a",
							"LightColor": "#d8b311"
					},
		"AwayRank": 18
	},
	{
		"HomeCity": "Crouters",
		"HomeTeam": "Cannibals",
		"HomeScore": "11",
		"HomeLogo": "cannibals.png",
		"HomeColors": {
							"DarkColor": "#231f20",
							"LightColor": "#494949"
					},
		"HomeRank": 19,
		"AwayCity": "Legomskis",
		"AwayTeam": "Lumberjacks",
		"AwayScore": "10",
		"AwayLogo": "lumber.png",
		"AwayColors": {
						"DarkColor": "#6e4d29",
						"LightColor": "#7b6246"
					},
		"AwayRank": 20
	},
	{
		"HomeCity": "Conways",
		"HomeTeam": "Carnivores",
		"HomeScore": "10",
		"HomeLogo": "carn.png",
		"HomeColors": {
						"DarkColor": "#bb7f32",
						"LightColor": "#d7a15a"
					},
		"HomeRank": 21,
		"AwayCity": "Reynolds",
		"AwayTeam": "Rhinos",
		"AwayScore": "10",
		"AwayLogo": "rhinos.png",
		"AwayColors": {
						"DarkColor": "#2b3a53",
						"LightColor": "#3c537d"
					},
		"AwayRank": 22
	},
	{
		"HomeCity": "Dekkers",
		"HomeTeam": "Dragons",
		"HomeScore": "9",
		"HomeLogo": "dragons.png",
		"HomeColors": {
						"DarkColor": "#db3c26",
						"LightColor": "#f15e4a"
					},
		"HomeRank": 23,
		"AwayCity": "Kotsopoulos",
		"AwayTeam": "Cobras",
		"AwayScore": "7",
		"AwayLogo": "cobras.png",
		"AwayColors": {
						"DarkColor": "#fb640e",
						"LightColor": "#f47932"
					},
		"AwayRank": 24
	},
	{
		"HomeCity": "Lappin-Fortins",
		"HomeTeam": "Flyers",
		"HomeScore": "6",
		"HomeLogo": "flyers.png",
		"HomeColors": {
						"DarkColor": "#7c2336",
						"LightColor": "#b52344"
					},
		"HomeRank": 25,
		"AwayCity": "Allens",
		"AwayTeam": "Avengers",
		"AwayScore": "5",
		"AwayLogo": "avengers.png",
		"AwayColors": {
						"DarkColor": "#190C3D",
						"LightColor": "#6D5AA3"
					},
		"AwayRank": 26
	}
	
]